Industry,Risk_Min,Risk_Max,Risk_Range,Risk_Std,Risk_CV,Job_Types_Count,Total_Jobs
Education,39.12,51.3,12.18,3.251015653265572,0.07392965833537193,9,3714
Retail,41.23,49.27,8.040000000000006,2.208359119346309,0.04982759745817483,9,3702
Manufacturing,40.62,48.49,7.8700000000000045,2.3818427739882417,0.055854985710659937,9,3855
Finance,38.6,46.0,7.399999999999999,2.61598823476797,0.06222946057226761,9,3721
Healthcare,41.48,47.62,6.140000000000001,1.7276437068382402,0.039775890515832704,9,3771
IT,37.53,43.06,5.530000000000001,1.8807940108132823,0.04699765693233624,9,3681
Entertainment,41.38,46.44,5.059999999999995,1.6609192568507887,0.03807313257515434,9,3895
Transportation,41.86,46.83,4.969999999999999,1.6621823004712808,0.03774541595196308,9,3661
