Model,R²,RMSE,MAE
Linear Regression,0.6586015451725742,10404.011762569575,8800.605001218826
Random Forest,0.8686302761888817,6453.832688087841,5060.0519095373265
Ensemble,0.8223401972681108,7505.241074883142,6104.164261560147
