Feature,Importance
Industry_Avg_Salary,0.3083080044767337
Experience Required (Years),0.24148274406912418
Automation Risk (%),0.14858692929938103
Education_Score,0.1286394535250051
Education_x_Industry_Avg,0.12349779519099727
Remote Work Ratio (%),0.012520854441002488
Job_Growth_Pct,0.01212925497980875
Experience_x_Risk,0.011028386723080551
Location_Avg_Salary,0.005752895608444916
AI_Impact_Score,0.005130613923649128
Experience_Tier,0.0019995054155647197
Risk_Score,0.0009235623472082505
