Cluster,Avg_Risk,Avg_Salary,Avg_Experience,Avg_Remote,Avg_Growth,Count,Percentage
0,31.68002384291725,107465.12864656381,14.569985974754559,76.98249088359047,142.65324960502375,7130,23.766666666666666
1,73.03052034689793,79387.49979986658,6.973204358461197,51.45579608627974,139.232513183607,8994,29.98
2,22.477107747639742,89833.69786003297,4.241870223287877,47.213812378240675,134.89298790479182,6673,22.243333333333336
3,34.65380258225739,106945.5782812717,14.804387060946828,23.373119533527696,147.37484725342267,7203,24.01
