Industry,0,1,2,3
Education,21.270866989768443,33.97953688745288,23.451803984921916,21.297792137856757
Entertainment,21.23234916559692,32.47753530166881,23.62002567394095,22.670089858793325
Finance,29.26632625638269,20.102123085192154,18.435904326793874,32.19564633163128
Healthcare,23.91938477857332,30.177671705118,22.089631397507294,23.81331211880138
IT,31.160010866612332,18.20157565878837,18.772072806302635,31.86634066829666
Manufacturing,23.216601815823605,30.557717250324256,23.813229571984433,22.412451361867706
Retail,20.98865478119935,35.71042679632631,23.824959481361425,19.47595894111291
Transportation,19.202403714832013,38.54138213602841,23.8186287899481,18.437585359191477
